buildingAddress,fullNameAdmin,emailAdmin,phoneAdmin,fullNameTechnicalContact,emailTechnicalContact,phoneTechnicalContact,customer_id,address_id
43241 Hermina Junction,Dorry Lydiatt,fcumming0@yahoo.com,854-159-7517,Flossie Cumming,fcumming0@netscape.com,331-639-9705,1,1
5 Loeprich Center,Sheela Huxster,dstrang1@hugedomains.com,732-506-5984,Durant Strang,dstrang1@bing.com,284-302-5360,2,2
32 Monterey Junction,Celinka Duerden,kkeningham2@ocn.ne.jp,575-389-5762,Katy Keningham,kkeningham2@businessinsider.com,697-146-0917,3,3
91 Anzinger Point,Muffin Esby,cmcconachie3@washington.edu,968-891-1861,Carmita McConachie,cmcconachie3@furl.net,993-614-0759,4,4
37205 Hagan Street,Wilburt Behrend,dbenezet4@oracle.com,855-332-7062,Dino Benezet,dbenezet4@surveymonkey.com,638-948-5538,5,5
560 Vermont Park,Sydney Dinneges,klydiate5@stumbleupon.com,629-154-1527,Kesley Lydiate,klydiate5@google.com.br,504-637-5881,6,6
48 Ilene Street,Austin Moyle,jarthan6@twitpic.com,736-694-2849,Juieta Arthan,jarthan6@merriam-webster.com,521-259-5835,7,7
42 Little Fleur Crossing,Dael Shade,rmacgraith7@technorati.com,921-389-1517,Revkah MacGraith,rmacgraith7@unicef.org,109-605-2371,8,8
60715 3rd Drive,Konstance Martell,sharrema8@merriam-webster.com,843-426-3071,Sileas Harrema,sharrema8@ted.com,513-887-8081,9,9
19938 Tennyson Point,Maridel Agius,dmattheissen9@phpbb.com,983-717-4225,Dolf Mattheissen,dmattheissen9@friendfeed.com,874-857-9313,10,10
7775 Dovetail Parkway,Stace Hubach,pcurbishleya@wsj.com,453-359-5464,Penny Curbishley,pcurbishleya@washington.edu,275-336-8337,11,11
8 Garrison Circle,Maia Pellamonuten,rstidworthyb@quantcast.com,143-686-9665,Robin Stidworthy,rstidworthyb@wisc.edu,507-452-4803,12,12
3 Mcguire Place,Olenolin Gogerty,isheringtonc@dot.gov,129-285-9934,Inessa Sherington,isheringtonc@a8.net,473-161-3470,13,13
2 Fuller Terrace,Aharon Lamacraft,awalkdend@goo.gl,370-770-1274,Anton Walkden,awalkdend@ucoz.com,729-209-3894,14,14
848 Weeping Birch Place,Costa Cattle,singlishe@census.gov,454-712-4684,Sharyl Inglish,singlishe@tinyurl.com,943-780-9585,15,15
3 Scott Trail,Wolfie Pleaden,pascoughf@merriam-webster.com,808-833-2583,Pietrek Ascough,pascoughf@bandcamp.com,358-549-5271,16,16
37 Miller Road,Park Ghelarducci,mgillespieg@webmd.com,467-299-9451,Mic Gillespie,mgillespieg@slashdot.org,665-723-6166,17,17
670 Old Shore Road,Chiquia MacMakin,ftabourinh@goo.gl,135-798-8103,Forester Tabourin,ftabourinh@shinystat.com,529-604-6372,18,18
42 Stang Park,Brion Louthe,ecattachi@php.net,637-550-7179,Edgard Cattach,ecattachi@abc.net.au,209-438-4164,19,19
91234 Grim Circle,Fairleigh Hargey,acaulderj@census.gov,458-407-8748,Alexa Caulder,acaulderj@123-reg.co.uk,183-697-7205,20,20
0 Meadow Valley Drive,Sianna Cragell,jlevanek@businesswire.com,375-410-6180,Joaquin Levane,jlevanek@histats.com,966-880-9904,21,21
99263 Valley Edge Trail,Benita Bus,ejonczykl@soup.io,610-211-6511,Edita Jonczyk,ejonczykl@addthis.com,439-708-6836,22,22
3 Graedel Plaza,Layne Telega,tmacaskillm@tripadvisor.com,648-435-3291,Tye MacAskill,tmacaskillm@nba.com,402-361-4820,23,23
43647 Union Avenue,Cos Rattenberie,mfarnann@flickr.com,839-273-3068,Mohammed Farnan,mfarnann@china.com.cn,463-174-4164,24,24
92 6th Court,Onfre Liffe,rstansfieldo@istockphoto.com,341-722-8443,Rosalia Stansfield,rstansfieldo@ask.com,995-262-8565,25,25
20897 Bonner Lane,Sheila-kathryn Roddie,ibenfieldp@bbb.org,365-179-5857,Isadora Benfield,ibenfieldp@sciencedirect.com,813-783-7594,26,26
7343 Elgar Junction,Gilly Busain,mraithmillq@typepad.com,236-297-6980,Marjy Raithmill,mraithmillq@fda.gov,464-902-3827,27,27
94205 Meadow Valley Lane,Garey McCloughen,rcroisdallr@weibo.com,512-639-1294,Rubie Croisdall,rcroisdallr@desdev.cn,540-164-3762,28,28
3407 Rockefeller Plaza,Dario Kerbey,trultons@pbs.org,689-369-9497,Trista Rulton,trultons@senate.gov,756-663-3053,29,29
8 Tennessee Hill,Uri Grief,bdet@seattletimes.com,995-340-9069,Brigit de Glanville,bdet@washington.edu,570-969-1666,30,30
937 Heath Court,Bev Strelitz,mbarnfieldu@redcross.org,489-755-2836,Mildrid Barnfield,mbarnfieldu@bbc.co.uk,466-656-2720,31,31
73 Bartelt Trail,Sonny Caswill,rprinev@reference.com,662-609-3821,Randene Prine,rprinev@prlog.org,103-776-6484,32,32
01275 Messerschmidt Lane,Kristel Hune,qflementw@addtoany.com,792-896-5946,Quint Flement,qflementw@flickr.com,803-834-3333,33,33
6 Jackson Lane,Vivi Ulrik,rcockx@answers.com,354-316-2422,Randa Cock,rcockx@nsw.gov.au,930-289-4166,34,34
158 Hayes Trail,Sadella Guitton,jpinhorny@godaddy.com,110-993-9538,Jan Pinhorn,jpinhorny@illinois.edu,678-149-3965,35,35
5 Barby Lane,Tadeo Warcup,cbowhayz@imageshack.us,404-777-0935,Cly Bowhay,cbowhayz@elegantthemes.com,661-767-6178,36,36
8523 Northland Hill,Vivia Valenti,acarine10@census.gov,195-562-9606,Arri Carine,acarine10@wikia.com,862-250-7505,37,37
7 Green Place,Selena Tonna,ogleadle11@google.ru,493-650-0531,Odelia Gleadle,ogleadle11@springer.com,388-964-2951,38,38
375 Bowman Point,Kalil Shenley,cdoveston12@ucoz.com,886-855-8138,Christoph Doveston,cdoveston12@phpbb.com,422-640-0323,39,39
0 Ilene Avenue,Ambrosius Gaunson,ccattanach13@blogspot.com,281-500-9735,Charles Cattanach,ccattanach13@cbsnews.com,165-905-4932,40,40
26 Laurel Trail,Erroll Navan,hattock14@japanpost.jp,147-521-0180,Hoebart Attock,hattock14@livejournal.com,562-183-1563,41,41
8 Thompson Way,Vaughn Mangenet,mstritton15@furl.net,869-916-1419,Maureen Stritton,mstritton15@skyrock.com,622-502-6448,42,42
699 Roth Trail,Eadmund Grieve,narnoll16@wikipedia.org,924-775-8276,Noam Arnoll,narnoll16@webmd.com,526-972-5251,43,43
1442 Talmadge Street,Brana Samter,mdavidovic17@berkeley.edu,706-894-0703,Malvina Davidovic,mdavidovic17@delicious.com,463-804-8525,44,44
44389 Alpine Circle,Garrick Winfindine,amilleton18@noaa.gov,555-339-3503,Agretha Milleton,amilleton18@chron.com,280-931-0727,45,45
866 Mcbride Street,Henrie Robiot,gwimpey19@domainmarket.com,326-798-4518,Garald Wimpey,gwimpey19@soundcloud.com,919-455-1345,46,46
57509 Grim Parkway,Timotheus Dewick,lboshier1a@stanford.edu,318-182-5257,Lorne Boshier,lboshier1a@jalbum.net,902-664-5365,47,47
81830 Warbler Park,Karlens Yapp,kbiasini1b@webmd.com,297-786-2084,Kalila Biasini,kbiasini1b@baidu.com,529-309-8927,48,48
1 Grover Place,Harli Gascard,edeguara1c@home.pl,476-897-9089,Egan Deguara,edeguara1c@hud.gov,156-550-3106,49,49
2395 Birchwood Way,Burl Grinaway,aclinton1d@shutterfly.com,289-414-8397,Akim Clinton,aclinton1d@mysql.com,650-427-5406,50,50
65365 Lawn Way,Latisha MacMoyer,moverbury1e@ed.gov,626-682-8510,Marjorie Overbury,moverbury1e@arstechnica.com,572-891-7177,51,51
0258 Kenwood Drive,Angelita Lynock,tbinnion1f@posterous.com,964-307-8154,Tripp Binnion,tbinnion1f@wp.com,619-555-4164,52,52
2031 Clemons Point,Isabelita Kydde,gcettell1g@surveymonkey.com,113-189-2483,Giorgia Cettell,gcettell1g@cargocollective.com,577-119-5473,53,53
66 Fairfield Road,Eloisa Sherlaw,ntoler1h@omniture.com,506-696-9363,Netta Toler,ntoler1h@auda.org.au,530-608-3838,54,54
495 Clove Center,Chrysler Lindborg,rhorrigan1i@prweb.com,978-761-7458,Rowan Horrigan,rhorrigan1i@china.com.cn,542-876-0517,55,55
084 Raven Street,Deedee Kitter,dmaria1j@163.com,782-183-6388,Drud Maria,dmaria1j@over-blog.com,500-172-3688,56,56
98 Carioca Junction,Lonnie Wintringham,ole1k@blogspot.com,310-689-9722,Oates Le Bosse,ole1k@cloudflare.com,507-502-6740,57,57
80 Chive Trail,Derwin Ellerey,cmccleary1l@technorati.com,611-635-1007,Cale McCleary,cmccleary1l@wix.com,457-274-1984,58,58
18212 Oxford Plaza,Merci Mullinder,iitzig1m@pcworld.com,910-705-7046,Isaiah Itzig,iitzig1m@jalbum.net,712-415-2959,59,59
0 Gina Center,Britteny Swinburne,ldenis1n@macromedia.com,744-374-1034,Lannie Denis,ldenis1n@de.vu,139-204-9514,60,60
446 Loomis Alley,Manfred Kneale,kgregory1o@fema.gov,874-312-0154,Kahlil Gregory,kgregory1o@mediafire.com,434-100-4267,61,61
6073 Stone Corner Crossing,Diannne Nower,gcorkhill1p@blog.com,928-717-8825,Gert Corkhill,gcorkhill1p@forbes.com,505-620-7439,62,62
14 Division Center,Wendy Caldera,gmarsay1q@yahoo.co.jp,689-906-0729,Gottfried Marsay,gmarsay1q@qq.com,469-292-5368,63,63
23 Hooker Pass,Marlene Dunmuir,vkither1r@nymag.com,964-287-0063,Vanya Kither,vkither1r@nyu.edu,691-208-0987,64,64
0442 Mosinee Drive,Claudianus Drury,agrgic1s@unblog.fr,983-911-4853,Almeda Grgic,agrgic1s@prnewswire.com,838-719-9435,65,65
7 Portage Circle,Matelda Presidey,hbagenal1t@1688.com,842-888-6623,Hermine Bagenal,hbagenal1t@domainmarket.com,521-833-8275,66,66
81 Independence Way,Althea Detheridge,ajahncke1u@lycos.com,223-745-2582,Alisander Jahncke,ajahncke1u@boston.com,266-658-3250,67,67
705 Heath Circle,Marti Santen,kkirtlan1v@nps.gov,632-290-8109,Kiersten Kirtlan,kkirtlan1v@oracle.com,186-551-6690,68,68
48050 Jana Crossing,Hamlen Gleder,zgiottini1w@alexa.com,773-877-7591,Zenia Giottini,zgiottini1w@opensource.org,289-669-6628,69,69
428 Bobwhite Lane,Daisey Hamstead,bmcwaters1x@un.org,968-573-2331,Bernadette McWaters,bmcwaters1x@indiegogo.com,401-190-8324,70,70
53048 Tony Park,Maddi O'Neill,ssummersby1y@narod.ru,275-872-6371,Suzette Summersby,ssummersby1y@alexa.com,479-678-6441,71,71
5 Mendota Parkway,Felita Geerits,rlovelace1z@so-net.ne.jp,594-475-7436,Roderic Lovelace,rlovelace1z@thetimes.co.uk,455-111-0345,72,72
86 Walton Trail,Byram Wimmers,bpiquard20@who.int,791-459-0877,Beniamino Piquard,bpiquard20@google.ru,219-369-7102,73,73
6 Garrison Street,Tanhya Geerits,dmatuskiewicz21@fotki.com,331-351-0338,Denney Matuskiewicz,dmatuskiewicz21@facebook.com,785-869-6194,74,74
4 Fair Oaks Place,Frankie Bissett,neasthope22@jalbum.net,289-587-0159,Nat Easthope,neasthope22@virginia.edu,742-717-7472,75,75
90440 Namekagon Street,Hans Gilhoolie,lofogarty23@ovh.net,530-601-7446,Lillian O'Fogarty,lofogarty23@mac.com,672-630-2946,76,76
6 Morningstar Parkway,Edyth Bellas,lbenedikt24@dell.com,346-310-8443,Lucho Benedikt,lbenedikt24@angelfire.com,479-838-7357,77,77
97767 Ilene Pass,Gordan Trim,dhazelton25@moonfruit.com,107-119-7950,Dolorita Hazelton,dhazelton25@mashable.com,393-571-4035,78,78
48 Holy Cross Drive,Bran Povele,jdaoust26@amazonaws.com,309-210-8328,Jerri Daoust,jdaoust26@flickr.com,308-480-2850,79,79
1 Homewood Crossing,Melamie Bolin,mlarcher27@ow.ly,757-135-5017,Miriam Larcher,mlarcher27@amazonaws.com,398-439-6927,80,80
4 Larry Plaza,Tatiana Leggott,mde28@blog.com,977-835-8502,Mada De La Coste,mde28@plala.or.jp,958-180-5471,81,81
3671 Old Gate Center,Sholom Schoffel,dhaucke29@weebly.com,598-166-2512,Dorthea Haucke,dhaucke29@facebook.com,236-275-2827,82,82
249 Hintze Lane,Anatola Cuttings,ayoakley2a@sina.com.cn,536-687-6748,Akim Yoakley,ayoakley2a@typepad.com,492-124-8272,83,83
010 Claremont Terrace,Iona Kabisch,gwillmetts2b@reference.com,448-741-6782,Garey Willmetts,gwillmetts2b@dot.gov,993-379-3643,84,84
8826 Ronald Regan Pass,Kacy Croley,ptrounson2c@weebly.com,648-148-1490,Pat Trounson,ptrounson2c@lulu.com,303-530-0573,85,85
084 Mayfield Terrace,Dorrie Blenkinsop,gbeney2d@thetimes.co.uk,586-463-6891,Genia Beney,gbeney2d@wunderground.com,375-305-5128,86,86
07 Pearson Circle,Kevyn Cicci,fdunbabin2e@bloglines.com,956-527-5000,Felipe Dunbabin,fdunbabin2e@vkontakte.ru,949-542-8832,87,87
6575 Stone Corner Avenue,Melody Buckthorp,schadbourn2f@pbs.org,380-234-3303,Silva Chadbourn,schadbourn2f@vkontakte.ru,669-880-8746,88,88
6 Melvin Road,Jaquith Crone,gfouldes2g@goodreads.com,223-446-3756,Gothart Fouldes,gfouldes2g@ed.gov,922-162-1321,89,89
959 Maryland Way,Nonah Buttle,wbrisker2h@npr.org,407-369-6636,Winnah Brisker,wbrisker2h@techcrunch.com,369-645-6609,90,90
02961 Homewood Pass,Mallory Nowaczyk,cida2i@meetup.com,449-469-9761,Cherilyn Ida,cida2i@liveinternet.ru,228-748-2004,91,91
25 Blackbird Point,Pearla Petchell,fbenoiton2j@amazon.com,100-773-1771,Field Benoiton,fbenoiton2j@1und1.de,671-869-7243,92,92
913 Lukken Drive,Franciskus Leachman,ccamacho2k@businessinsider.com,617-560-0774,Caty Camacho,ccamacho2k@shop-pro.jp,584-174-9907,93,93
241 Mallory Center,Matty Poacher,greadings2l@illinois.edu,108-292-0684,Gusella Readings,greadings2l@google.it,264-303-4969,94,94
4934 Lawn Plaza,Rosella Blurton,shallahan2m@irs.gov,418-789-7593,Sansone Hallahan,shallahan2m@clickbank.net,918-167-8870,95,95
0673 Fisk Crossing,Meaghan Shucksmith,smaccartan2n@seattletimes.com,254-960-2278,Solly MacCartan,smaccartan2n@sphinn.com,743-816-0765,96,96
268 Eagan Road,Leonerd Yoxen,bnornasell2o@thetimes.co.uk,871-719-5085,Bank Nornasell,bnornasell2o@europa.eu,417-577-9343,97,97
2 Vidon Circle,Patton Antoinet,bleadbeater2p@nbcnews.com,896-467-8353,Bryan Leadbeater,bleadbeater2p@diigo.com,760-214-3105,98,98
40172 Dexter Point,Keary Youd,cpendrey2q@ycombinator.com,762-478-3428,Celine Pendrey,cpendrey2q@alibaba.com,526-700-5207,99,99
0 Melvin Lane,Josey Nafzger,lflieg2r@latimes.com,331-439-8615,Lavinie Flieg,lflieg2r@chron.com,423-647-8755,100,100
