businessName,businessAddress,contactFullName,contactPhone,contactEmail,serviceResponsableFullName,serviceResponsablePhone,serviceResponsableEmail,user_id,address_id
"Aufderhar, Bergnaum and Batz",2 Dryden Lane,Amargo Laterza,111-547-2435,ajannings12@nyu.edu,Archibold Jannings,380-861-6584,ajannings12@list-manage.com,67,54
Bahringer-Kiehn,8 Bunker Hill Drive,Cori Jephcote,167-665-6174,efeaviourd@accuweather.com,Elvera Feaviour,937-964-8344,efeaviourd@biblegateway.com,57,91
Bailey-Brekke,76 Columbus Court,Fanny Musso,298-227-7125,dcrangle2@vistaprint.com,Dorene Crangle,857-319-2832,dcrangle2@discuz.net,73,84
"Balistreri, OKon and Roob",4160 Fuller Alley,Keefer Harrinson,398-929-9701,sculleford28@blogspot.com,Saw Culleford,342-692-4986,sculleford28@imageshack.us,65,35
Barrows-Crooks,63 Waubesa Road,Carver Burberye,395-573-7174,bchandler2k@nbcnews.com,Boycie Chandler,607-602-9500,bchandler2k@cdc.gov,35,83
Beahan Group,7 Summit Plaza,Gretna Thamelt,573-956-4175,ftankus1j@slate.com,Freda Tankus,640-647-2283,ftankus1j@cisco.com,33,70
Bechtelar and Sons,90666 Comanche Avenue,Noelani Yegorovnin,103-881-9443,mbing10@noaa.gov,Melissa Bing,598-974-1945,mbing10@amazon.co.uk,93,100
Bergnaum Inc,0 Garrison Alley,Olympia Kunze,143-897-9172,hcourcey1z@digg.com,Harmony Courcey,560-739-1101,hcourcey1z@dailymail.co.uk,97,78
"Bins, Considine and Marks",1869 Forest Dale Street,Nickolai Sawdon,616-347-9473,jvelden21@nba.com,Jannel Velden,634-617-1991,jvelden21@purevolume.com,99,3
"Botsford, Ziemann and Oberbrunner",62196 Hansons Street,Allard Matignon,476-829-9474,jzelner26@webmd.com,Jacquette Zelner,889-826-5021,jzelner26@ifeng.com,12,43
Brakus LLC,52926 Marquette Drive,Benjamin Mocker,412-658-0566,driggulsfordg@comsenz.com,Demeter Riggulsford,307-542-9433,driggulsfordg@china.com.cn,15,71
Carroll Inc,599 Swallow Circle,Lexis Dumingo,931-274-2456,rglanders1q@clickbank.net,Rab Glanders,401-246-1176,rglanders1q@blinklist.com,47,57
Christiansen Group,57957 Rusk Avenue,Koren Barrett,209-620-5315,ydelafont1d@census.gov,Yetty Delafont,919-434-3992,ydelafont1d@cnbc.com,29,74
"Christiansen, Luettgen and Kreiger",88 Springs Hill,Porty Keel,811-166-3486,bmushettj@cpanel.net,Bartholomew Mushett,849-154-1720,bmushettj@github.io,36,92
Corkery-Marks,780 Clarendon Park,Willetta Dreinan,988-938-8482,kroxbee2n@yandex.ru,Kristi Roxbee,811-450-4256,kroxbee2n@dailymail.co.uk,22,86
Corwin-Graham,4122 Montana Avenue,Efren OFallone,458-815-8205,bschneidar1x@mayoclinic.com,Britt Schneidar,730-615-6645,bschneidar1x@microsoft.com,42,16
"Cummerata, Raynor and Lueilwitz",365 Muir Plaza,Catlee Wilkin,102-661-2807,dwilmottt@walmart.com,Darice Wilmott,608-654-2628,dwilmottt@nhs.uk,7,41
Cummerata-Kuphal,93285 Warbler Crossing,Amalie Koopman,121-868-5172,esartinw@msn.com,Edward Sartin,831-301-5137,esartinw@ebay.co.uk,30,55
"Dicki, Terry and Heaney",2 Pine View Parkway,Clare Pandya,718-436-1557,fgoldsack2g@instagram.com,Fred Goldsack,638-522-2923,fgoldsack2g@amazon.de,24,21
"Donnelly, Anderson and Hahn",87828 Lerdahl Point,Mariquilla Prandoni,200-730-4824,rrobertelli2e@tinypic.com,Rory Robertelli,726-842-3713,rrobertelli2e@wikipedia.org,27,24
Doyle-Roberts,81478 Spohn Terrace,Dietrich Glasby,657-364-7674,ecraxfordu@deliciousdays.com,Emlyn Craxford,220-879-9319,ecraxfordu@seattletimes.com,74,96
Friesen-Abbott,69 Milwaukee Point,Bobette Willard,861-373-2575,ztather2q@webeden.co.uk,Zane Tather,369-993-9028,ztather2q@yelp.com,46,56
Gibson LLC,68246 Acker Pass,Meade Scoone,481-584-3305,dthrower2j@simplemachines.org,Dare Thrower,121-250-4121,dthrower2j@aboutads.info,80,98
Gislason Group,4 Caliangt Place,Jacklin Shade,140-484-2768,bocosgra24@squarespace.com,Brooke OCosgra,846-775-8244,bocosgra24@ihg.com,37,82
"Gislason, Beatty and Hermann",06 Judy Parkway,Kaleena Ghost,487-363-6237,rdurstoni@google.com,Rena Durston,298-608-8574,rdurstoni@seattletimes.com,13,34
"Gleichner, Bahringer and Luettgen",3556 Roth Hill,Denney Erni,758-957-4961,ctheakstonl@netscape.com,Cindi Theakston,362-549-2304,ctheakstonl@g.co,64,87
Gorczany Inc,7 Sunfield Avenue,Shandee Sansom,755-114-8888,mmaypole1k@goodreads.com,Maureen Maypole,487-107-6154,mmaypole1k@epa.gov,56,90
Gorczany-Grant,6189 Atwood Street,Diego Von Gladbach,817-337-6610,tjobson0@intel.com,Timmy Jobson,688-830-5593,tjobson0@nps.gov,66,52
Green-Cormier,9236 Mallard Terrace,Goddart Monkley,212-607-5651,raveries1a@google.es,Romona Averies,980-695-3631,raveries1a@comsenz.com,40,94
"Gusikowski, Gerhold and Marvin",00 Hollow Ridge Point,Andie Kingswood,927-580-5514,bweedon1c@ameblo.jp,Basil Weedon,463-997-0537,bweedon1c@tripadvisor.com,45,40
Gutmann and Sons,97026 Leroy Point,Filippa Durram,889-485-1715,acecere1e@wsj.com,Ansley Cecere,221-776-7702,acecere1e@multiply.com,18,97
"Gutmann, Jast and Stiedemann",71 Waxwing Terrace,Waylon Secretan,637-425-5216,dgingedale1h@multiply.com,Derron Gingedale,659-119-9384,dgingedale1h@answers.com,68,47
Hagenes Inc,44389 Fallview Hill,Gianna Dukelow,225-582-0700,emeashamn@vinaora.com,Evey Measham,129-523-1044,emeashamn@yolasite.com,90,48
Hamill-Kuphal,54794 Clove Point,Ailene Bradburn,366-107-5513,kpatis20@si.edu,Karita Patis,572-735-0480,kpatis20@domainmarket.com,20,53
Hand Inc,02 Mcbride Parkway,Jordanna Attlee,330-584-0730,hfarherty2f@globo.com,Harold Farherty,228-919-1507,hfarherty2f@tinypic.com,19,31
"Harris, Kertzmann and Spencer",752 Calypso Alley,Winni Bourbon,713-234-6759,cfetterplace23@chronoengine.com,Clayborne Fetterplace,682-752-8088,cfetterplace23@state.tx.us,49,76
Hoeger-Farrell,8 Roth Crossing,Tailor Piniur,851-288-5013,colek14@theguardian.com,Carolin Olek,332-600-6121,colek14@feedburner.com,1,19
Howell-Huel,99 Grayhawk Avenue,Anthony Alvarado,635-611-3421,anutbeam18@japanpost.jp,Agretha Nutbeam,700-710-8988,anutbeam18@lulu.com,4,49
Johnston-Daniel,05 Little Fleur Way,Maximo Readman,199-607-4059,ebelcham29@ameblo.jp,Edgard Belcham,832-638-1302,ebelcham29@devhub.com,81,14
"Kassulke, Rogahn and DAmore",23270 Marquette Point,Jacinthe Colaco,558-870-9654,kwillgoose1t@wufoo.com,Kassandra Willgoose,547-181-4117,kwillgoose1t@yelp.com,71,80
"Kertzmann, Blick and Wisoky",4 Barnett Alley,Lexie Pyper,522-843-0662,hshreeveso@multiply.com,Hollis Shreeves,664-767-9380,hshreeveso@csmonitor.com,31,89
"Konopelski, Flatley and Bergstrom",19 Londonderry Plaza,Esme Jirasek,502-743-1296,amedlerp@example.com,Akim Medler,399-254-1373,amedlerp@xinhuanet.com,28,73
"Larkin, Crist and Tremblay",574 Arrowood Pass,Lorita Cubbin,235-192-8695,prickaby2i@newsvine.com,Palmer Rickaby,650-290-2438,prickaby2i@aboutads.info,38,65
Leannon LLC,1 Debra Plaza,Arnie Ziemsen,162-742-6019,gjobey13@fastcompany.com,Gabbie Jobey,963-627-4505,gjobey13@mlb.com,25,72
Lehner-Ruecker,1 Hudson Way,Margeaux Blain,703-890-0638,tpreedy9@cyberchimps.com,Talbot Preedy,392-102-1907,tpreedy9@fastcompany.com,3,29
"Lemke, Ondricka and Kemmer",43669 Hanover Circle,Jessamine Matthias,478-580-1022,eflecknoe17@paypal.com,Elana Flecknoe,433-162-0178,eflecknoe17@oaic.gov.au,2,28
"Lesch, Ruecker and Hand",62110 International Court,Berri Wallbutton,260-838-6283,wmorican2c@shinystat.com,Winnie Morican,727-867-0104,wmorican2c@issuu.com,87,10
Little Group,438 Meadow Valley Way,Hope Peret,268-851-9289,ewilloughway5@ucoz.ru,Emmanuel Willoughway,474-212-3549,ewilloughway5@aboutads.info,32,7
Lowe-Price,431 Northwestern Crossing,Abigale Dziwisz,221-169-5876,hvennard1o@pbs.org,Hyman Vennard,817-464-7731,hvennard1o@about.me,39,4
Luettgen-Lehner,175 Ronald Regan Circle,Bo Asp,740-204-1887,jnary6@cyberchimps.com,Josephine Nary,842-435-4628,jnary6@buzzfeed.com,79,42
"Lynch, Kris and Reynolds",484 Maywood Lane,Carlota Leathers,220-693-0175,rshenleya@cbslocal.com,Ruperto Shenley,122-657-3609,rshenleya@xrea.com,89,13
"Macejkovic, Harber and Kreiger",231 Myrtle Parkway,Blanca Tedahl,810-431-6401,twylie8@amazon.co.uk,Trevar Wylie,296-439-8550,twylie8@smh.com.au,83,66
Marquardt Group,83 Golf View Way,Dianna Keese,511-393-8869,rbroxap7@alibaba.com,Rene Broxap,921-623-3649,rbroxap7@mit.edu,85,51
Marquardt Inc,24 Jackson Plaza,Worden Slowgrave,675-190-4996,asabatex@msu.edu,Adina Sabate,764-792-9362,asabatex@wunderground.com,86,85
"McGlynn, Schoen and Marquardt",7 Garrison Terrace,Fernandina Dorkin,171-961-7862,esaffer25@cisco.com,Emilee Saffer,955-848-6725,esaffer25@hao123.com,82,1
Metz LLC,612 Del Mar Crossing,Katy Lange,333-810-0504,bmattielli2a@cdbaby.com,Binky Mattielli,395-695-0114,bmattielli2a@123-reg.co.uk,41,81
Mohr-OHara,1 Dixon Terrace,Mel Levett,890-215-3395,dgatcliffe@purevolume.com,Dorothea Gatcliff,501-379-3719,dgatcliffe@sphinn.com,75,99
"Mraz, Windler and Walsh",91869 Crest Line Place,Angelita OCannon,346-768-4117,iyelden1l@drupal.org,Inger Yelden,150-106-8749,iyelden1l@comsenz.com,94,11
"Murray, Ruecker and Hegmann",6470 Dovetail Road,Chancey Toffolo,230-544-9422,gobrallaghan2p@artisteer.com,Gwenore OBrallaghan,501-511-0397,gobrallaghan2p@sciencedaily.com,91,30
Nader LLC,911 Swallow Lane,Gib Camosso,104-659-3823,kbut1f@blinklist.com,Kelby But,748-624-7478,kbut1f@symantec.com,48,50
Nader-Gottlieb,450 Macpherson Drive,Shelby Scandroot,386-186-5893,apetrenko1u@theglobeandmail.com,Alf Petrenko,126-774-8293,apetrenko1u@bandcamp.com,5,67
"Nikolaus, Streich and Heathcote",8 Lakewood Avenue,Royce Stiegar,743-861-9117,jlebbonm@amazon.co.jp,Jessy Lebbon,298-386-9453,jlebbonm@arizona.edu,44,25
"OConnell, Lesch and Gerlach",9316 Dexter Crossing,Valaria Honeyghan,501-956-6677,egrimmer2d@statcounter.com,Elsa Grimmer,144-905-1639,egrimmer2d@last.fm,11,61
Okuneva LLC,34807 6th Junction,Urbanus Hayman,345-787-8256,lprewer2l@angelfire.com,Lira Prewer,438-807-4528,lprewer2l@vistaprint.com,34,20
Padberg-Kulas,219 Ridge Oak Court,Barde Van Cassel,821-133-3792,troozeh@studiopress.com,Toddy Rooze,802-680-5947,troozeh@51.la,51,2
"Parisian, Wisoky and Simonis",7 International Road,Coriss Gierke,900-161-3016,tletchmore1p@newsvine.com,Terrance Letchmore,846-973-6570,tletchmore1p@epa.gov,26,38
Parisian-Kshlerin,71 Pond Alley,Alicea Gruby,667-344-2479,dkemingk@last.fm,Darya Keming,675-137-9903,dkemingk@ed.gov,98,5
Parisian-Zemlak,00674 Parkside Plaza,Dean Franciskiewicz,954-287-5810,cgosker1@networksolutions.com,Cami Gosker,981-364-7241,cgosker1@odnoklassniki.ru,23,26
Pfeffer and Sons,31551 Monterey Parkway,Leo Duxbury,688-127-6011,akinnen1s@lulu.com,Aubree Kinnen,762-652-6864,akinnen1s@wp.com,16,68
Pollich-Langworth,5268 Mccormick Junction,Osmond Molian,843-483-2762,cgrog27@berkeley.edu,Clive Grog,775-102-4659,cgrog27@smh.com.au,78,77
"Powlowski, Prosacco and Kuhn",12 Pepper Wood Place,Edmund Humpherson,959-369-1720,jgullc@tuttocitta.it,Jordanna Gull,931-822-0269,jgullc@networksolutions.com,95,69
"Prohaska, Bechtelar and Larson",7 Haas Road,Magda Taberner,743-892-7779,ftunder1b@naver.com,Fredia Tunder,894-915-6408,ftunder1b@slideshare.net,76,12
Raynor and Sons,2 Montana Pass,Rhett Gino,788-557-0407,ageorgi3@sfgate.com,Alleen Georgi,422-762-9273,ageorgi3@123-reg.co.uk,63,46
Reinger Inc,839 Mariners Cove Alley,Kaine Cornilli,733-196-7763,msherwyn1i@biglobe.ne.jp,Martie Sherwyn,183-808-5166,msherwyn1i@homestead.com,10,23
Roberts-Gutmann,47 Logan Street,Elvin Wharton,903-346-7941,mtrustrie2m@mayoclinic.com,Margarita Trustrie,565-659-1144,mtrustrie2m@reddit.com,72,93
Satterfield-Willms,84630 Elka Point,Averil Carstairs,255-797-5648,lbogeysz@nih.gov,Loralee Bogeys,989-690-6014,lbogeysz@booking.com,55,15
"Schaden, Kshlerin and Cummerata",48549 Derek Drive,Normand Crooks,942-785-7036,cfeasty@go.com,Charla Feast,677-739-9598,cfeasty@theglobeandmail.com,60,8
Schiller-Daugherty,4 Rusk Pass,Lauri Panton,577-426-0585,stwitchings2b@tripadvisor.com,Scottie Twitchings,457-799-1843,stwitchings2b@cdbaby.com,50,79
Schimmel LLC,23 School Trail,Alfie Sykora,816-320-4619,bbilovusv@wikia.com,Barrie Bilovus,948-110-7430,bbilovusv@usnews.com,96,22
"Schmidt, Hyatt and Leffler",68831 Dorton Junction,Lulu Zahor,522-290-5576,bgameson2o@washington.edu,Brenda Gameson,324-196-8784,bgameson2o@opera.com,43,62
Schmidt-DAmore,85948 Lerdahl Drive,Darell Jerome,722-932-4082,ckellog11@europa.eu,Charlie Kellog,915-868-6137,ckellog11@jigsy.com,17,95
Schoen-Parker,2417 Comanche Drive,Kanya Murthwaite,547-634-2682,fmillington1v@delicious.com,Farley Millington,548-271-0910,fmillington1v@java.com,100,45
"Schuster, Wunsch and Schultz",9761 Dottie Road,Emmerich Revey,335-773-1249,wfusedaleb@amazon.com,Willa Fusedale,319-470-1860,wfusedaleb@aol.com,62,39
Senger-Botsford,38075 Sunnyside Avenue,Vonnie Boxill,841-835-7141,rfrarey16@free.fr,Rutherford Frarey,686-764-3205,rfrarey16@bravesites.com,53,64
"Shields, Muller and Lesch",61543 Valley Edge Street,Lenora Wickardt,613-434-5596,aguslon1n@google.ca,Alane Guslon,730-951-5830,aguslon1n@eventbrite.com,6,32
Skiles-Nicolas,257 New Castle Alley,Shani Hazel,656-553-7669,eprattin19@msn.com,Eyde Prattin,718-876-0743,eprattin19@marketwatch.com,59,33
Stamm LLC,13 6th Pass,Emmalee Donke,852-111-5276,jlatties@virginia.edu,Jasen Lattie,571-153-6960,jlatties@joomla.org,61,60
Stanton-Conroy,7962 Elmside Place,Sari Prys,193-699-1477,cethelstone22@kickstarter.com,Cirstoforo Ethelstone,672-797-4124,cethelstone22@examiner.com,92,88
"Stehr, Goldner and Heidenreich",3665 Oak Valley Circle,Yolanthe Ferrar,979-138-0881,bbulpitt15@1688.com,Baxie Bulpitt,855-151-4762,bbulpitt15@google.com.br,14,37
Stroman and Sons,401 Hauk Center,Berri Huband,629-408-1020,tdict2r@spiegel.de,Thorndike Dict,161-714-9355,tdict2r@ox.ac.uk,52,59
Thompson-Heathcote,383 Macpherson Park,Wylma Kerr,131-394-2635,lpandyar@lulu.com,Lexie Pandya,457-652-3892,lpandyar@meetup.com,58,9
Trantow Group,99016 Eggendart Hill,Orelia Mobbs,822-523-5895,nlindner4@blogger.com,Nessa Lindner,900-859-4876,nlindner4@dot.gov,8,6
"Ullrich, Zieme and Metz",332 Main Alley,Jarrett Monier,201-431-8095,drigard1m@nhs.uk,Deeyn Rigard,676-608-9601,drigard1m@japanpost.jp,9,75
"Walter, Kris and Tromp",9963 Beilfuss Junction,Margaux Radford,769-624-2111,tmarchington2h@cnbc.com,Thom Marchington,907-459-8107,tmarchington2h@nih.gov,54,27
"Watsica, Swift and Nienow",677 Brentwood Hill,Ibby Rozsa,830-547-7548,gbuffyf@ning.com,Grover Buffy,971-349-9571,gbuffyf@theguardian.com,88,44
West Group,173 Milwaukee Court,Warde Borghese,200-819-7744,mhattersleyq@cnbc.com,Malissia Hattersley,762-666-8183,mhattersleyq@t.co,77,36
Wiegand LLC,2 Helena Avenue,Robin Kelmere,797-738-2573,eduncklee1w@independent.co.uk,Elna Duncklee,305-460-5081,eduncklee1w@t.co,21,17
"Williamson, Herman and Connelly",182 Division Street,Minnaminnie Galway,162-412-9177,cjersh1y@booking.com,Claudie Jersh,357-925-0708,cjersh1y@pbs.org,69,63
"Wintheiser, OConner and Tillman",1415 Milwaukee Plaza,Catlin Enrietto,579-540-4717,emiddler1r@tripod.com,Eli Middler,690-874-3476,emiddler1r@salon.com,84,58
"Wolf, Bednar and Morar",7648 Shopko Avenue,Ketti Beausang,141-610-4447,esnozzwell1g@fda.gov,Elroy Snozzwell,404-957-2896,esnozzwell1g@reuters.com,70,18
